period,qc_source,abs_delta,D_mix_pred,n,D_obs_mean,residual_obs_minus_mix
6,global qc=4,0,0.9387755102040818,1,1.0,0.06122448979591821
6,global qc=4,1,0.18398650397606683,2,0.18398650397606683,0.0
6,global qc=4,2,0.9387755102040818,2,0.8775510204081635,-0.061224489795918324
6,global qc=4,3,0.9250979112271556,2,1.0,0.07490208877284443
6,global qc=4,4,0.9319367107156187,2,1.0,0.06806328928438132
6,global qc=4,5,0.9250979112271556,1,0.7003916449086224,-0.2247062663185332
