abs_delta,qc_source,rmse_weighted_over_absdelta,mae_weighted_over_absdelta,r2_weighted_over_absdelta,D_mix_pred,n,D_obs_mean,residual_obs_minus_mix
0,global qc=4,0.0906774994563789,0.06943104918207396,0.915907286714544,0.9387755102040818,1,1.0,0.06122448979591821
1,global qc=4,0.0906774994563789,0.06943104918207396,0.915907286714544,0.18398650397606683,2,0.18398650397606683,0.0
2,global qc=4,0.0906774994563789,0.06943104918207396,0.915907286714544,0.9387755102040818,2,0.8775510204081635,-0.061224489795918324
3,global qc=4,0.0906774994563789,0.06943104918207396,0.915907286714544,0.9250979112271556,2,1.0,0.07490208877284443
4,global qc=4,0.0906774994563789,0.06943104918207396,0.915907286714544,0.9319367107156187,2,1.0,0.06806328928438132
5,global qc=4,0.0906774994563789,0.06943104918207396,0.915907286714544,0.9250979112271556,1,0.7003916449086224,-0.2247062663185332
