period,r2_weighted
2,0.998898
3,0.967295
4,0.878391
5,0.920561
6,0.915907
